filename,label
SSB_SKEEPING1.jpg,3
SSB_SKEEPING2.jpg,3
SSB_SKEEPING3.jpg,3
SSB_SKEEPING4.jpg,3
SSB_SKEEPING5.jpg,3
SSB_SKEEPING6.jpg,3
SSB_SKEEPING7.jpg,3
SSB_SKEEPING8.jpg,3
SSB_SKEEPING9.jpg,3
SSB_SKEEPING10.jpg,3
SSB_SKEEPING11.jpg,3
SSB_SKEEPING12.jpg,3
SSB_SKEEPING13.jpg,3
SSB_SKEEPING14.jpg,3
SSB_SKEEPING15.jpg,3
SSB_SKEEPING16.jpg,3
SSB_SKEEPING17.jpg,3
SSB_SKEEPING18.jpg,3
SSB_SKEEPING19.jpg,3
SSB_SKEEPING20.jpg,3
SSB_SKEEPING21.jpg,3
SSB_SKEEPING22.jpg,3
SSB_SKEEPING23.jpg,3
SSB_SKEEPING24.jpg,3
SSB_SKEEPING25.jpg,3
SSB_SKEEPING26.jpg,3
SSB_SKEEPING27.jpg,3
SSB_SKEEPING28.jpg,3
SSB_SKEEPING29.jpg,3
SSB_SKEEPING30.jpg,3
SSB_TECH_NECK1.jpg,1
SSB_TECH_NECK2.jpg,1
SSB_TECH_NECK3.jpg,1
SSB_TECH_NECK4.jpg,1
SSB_TECH_NECK5.jpg,1
SSB_TECH_NECK6.jpg,1
SSB_TECH_NECK7.jpg,1
SSB_TECH_NECK8.jpg,1
SSB_TECH_NECK9.jpg,1
SSB_TECH_NECK10.jpg,1
SSB_TECH_NECK11.jpg,1
SSB_TECH_NECK12.jpg,1
SSB_TECH_NECK13.jpg,1
SSB_TECH_NECK14.jpg,1
SSB_TECH_NECK15.jpg,1
SSB_TECH_NECK16.jpg,1
SSB_TECH_NECK17.jpg,1
SSB_TECH_NECK18.jpg,1
SSB_TECH_NECK19.jpg,1
SSB_TECH_NECK20.jpg,1
SSB_TECH_NECK21.jpg,1
SSB_TECH_NECK22.jpg,1
SSB_TECH_NECK23.jpg,1
SSB_TECH_NECK24.jpg,1
SSB_TECH_NECK25.jpg,1
SSB_TECH_NECK26.jpg,1
SSB_TECH_NECK27.jpg,1
SSB_TECH_NECK28.jpg,1
SSB_TECH_NECK29.jpg,1
SSB_TECH_NECK30.jpg,1
SSB_CHEEKING1.jpg,4
SSB_CHEEKING2.jpg,4
SSB_CHEEKING3.jpg,4
SSB_CHEEKING4.jpg,4
SSB_CHEEKING5.jpg,4
SSB_CHEEKING6.jpg,4
SSB_CHEEKING7.jpg,4
SSB_CHEEKING8.jpg,4
SSB_CHEEKING9.jpg,4
SSB_CHEEKING10.jpg,4
SSB_CHEEKING11.jpg,4
SSB_CHEEKING12.jpg,4
SSB_CHEEKING13.jpg,4
SSB_CHEEKING14.jpg,4
SSB_CHEEKING15.jpg,4
SSB_CHEEKING16.jpg,4
SSB_CHEEKING17.jpg,4
SSB_CHEEKING18.jpg,4
SSB_CHEEKING19.jpg,4
SSB_CHEEKING20.jpg,4
SSB_CHEEKING21.jpg,4
SSB_CHEEKING22.jpg,4
SSB_CHEEKING23.jpg,4
SSB_CHEEKING24.jpg,4
SSB_CHEEKING25.jpg,4
SSB_CHEEKING26.jpg,4
SSB_CHEEKING27.jpg,4
SSB_CHEEKING28.jpg,4
SSB_CHEEKING29.jpg,4
SSB_CHEEKING30.jpg,4
SSB_LEANING_CAP1.jpg,2
SSB_LEANING_CAP2.jpg,2
SSB_LEANING_CAP3.jpg,2
SSB_LEANING_CAP4.jpg,2
SSB_LEANING_CAP5.jpg,2
SSB_LEANING_CAP6.jpg,2
SSB_LEANING_CAP7.jpg,2
SSB_LEANING_CAP8.jpg,2
SSB_LEANING_CAP9.jpg,2
SSB_LEANING_CAP10.jpg,2
SSB_TECH_NECK_HEADPHONE1.jpg,1
SSB_TECH_NECK_HEADPHONE2.jpg,1
SSB_TECH_NECK_HEADPHONE3.jpg,1
SSB_TECH_NECK_HEADPHONE4.jpg,1
SSB_TECH_NECK_HEADPHONE5.jpg,1
SSB_TECH_NECK_HEADPHONE6.jpg,1
SSB_TECH_NECK_HEADPHONE7.jpg,1
SSB_TECH_NECK_HEADPHONE8.jpg,1
SSB_TECH_NECK_HEADPHONE9.jpg,1
SSB_TECH_NECK_HEADPHONE10.jpg,1
BAS_2_2.jpg,2
BAS_2_3.jpg,2
BAS_2_4.jpg,2
BAS_2_5.jpg,2
BAS_2_6.jpg,2
BAS_2_7.jpg,2
BAS_2_8.jpg,2
BAS_2_9.jpg,2
BAS_2_10.jpg,2
SSB_STRAIGHT_HEADPHONE1.jpg,0
SSB_STRAIGHT_HEADPHONE2.jpg,0
SSB_STRAIGHT_HEADPHONE3.jpg,0
SSB_STRAIGHT_HEADPHONE4.jpg,0
SSB_STRAIGHT_HEADPHONE5.jpg,0
SSB_STRAIGHT_HEADPHONE6.jpg,0
SSB_STRAIGHT_HEADPHONE7.jpg,0
SSB_STRAIGHT_HEADPHONE8.jpg,0
SSB_STRAIGHT_HEADPHONE9.jpg,0
SSB_STRAIGHT_HEADPHONE10.jpg,0
SSB_STRAIGHT_CAP1.jpg,0
SSB_STRAIGHT_CAP2.jpg,0
SSB_STRAIGHT_CAP3.jpg,0
SSB_STRAIGHT_CAP4.jpg,0
SSB_STRAIGHT_CAP5.jpg,0
SSB_STRAIGHT_CAP6.jpg,0
SSB_STRAIGHT_CAP7.jpg,0
SSB_STRAIGHT_CAP8.jpg,0
SSB_STRAIGHT_CAP9.jpg,0
SSB_STRAIGHT_CAP10.jpg,0
SSB_STRAIGHT_MASK1.jpg,0
SSB_STRAIGHT_MASK2.jpg,0
SSB_STRAIGHT_MASK3.jpg,0
SSB_STRAIGHT_MASK4.jpg,0
SSB_STRAIGHT_MASK5.jpg,0
SSB_STRAIGHT_MASK6.jpg,0
SSB_STRAIGHT_MASK7.jpg,0
SSB_STRAIGHT_MASK8.jpg,0
SSB_STRAIGHT_MASK9.jpg,0
SSB_STRAIGHT_MASK10.jpg,0
SSB_TECH_NECK_MASK1.jpg,1
SSB_TECH_NECK_MASK2.jpg,1
SSB_TECH_NECK_MASK3.jpg,1
SSB_TECH_NECK_MASK4.jpg,1
SSB_TECH_NECK_MASK5.jpg,1
SSB_TECH_NECK_MASK6.jpg,1
SSB_TECH_NECK_MASK7.jpg,1
SSB_TECH_NECK_MASK8.jpg,1
SSB_TECH_NECK_MASK9.jpg,1
SSB_TECH_NECK_MASK10.jpg,1
CWK1.jpg,0
CWK2.jpg,0
CWK3.jpg,0
CWK4.jpg,0
CWK5.jpg,0
CWK6.jpg,0
CWK7.jpg,0
CWK8.jpg,0
CWK9.jpg,0
CWK10.jpg,0
CWK11.jpg,0
CWK12.jpg,0
CWK13.jpg,0
CWK14.jpg,0
CWK15.jpg,0
CWK16.jpg,0
CWK17.jpg,0
CWK18.jpg,0
CWK19.jpg,0
CWK20.jpg,0
CWK21.jpg,0
CWK22.jpg,0
CWK23.jpg,0
CWK24.jpg,0
CWK25.jpg,0
CWK26.jpg,0
CWK27.jpg,0
CWK28.jpg,0
CWK29.jpg,0
CWK30.jpg,0
CWK31.jpg,0
CWK32.jpg,0
CWK33.jpg,0
CWK34.jpg,0
CWK35.jpg,0
CWK36.jpg,0
CWK37.jpg,0
CWK38.jpg,0
CWK39.jpg,0
CWK40.jpg,0
CWK41.jpg,0
CWK42.jpg,0
CWK43.jpg,0
CWK44.jpg,0
CWK45.jpg,0
CWK46.jpg,0
CWK47.jpg,0
CWK48.jpg,0
CWK49.jpg,0
CWK50.jpg,0
CWK51.jpg,1
CWK52.jpg,1
CWK53.jpg,1
CWK54.jpg,1
CWK55.jpg,1
CWK56.jpg,1
CWK57.jpg,1
CWK58.jpg,1
CWK59.jpg,1
CWK60.jpg,1
CWK61.jpg,1
CWK62.jpg,1
CWK63.jpg,1
CWK64.jpg,1
CWK65.jpg,1
CWK66.jpg,1
CWK67.jpg,1
CWK68.jpg,1
CWK69.jpg,1
CWK70.jpg,1
CWK71.jpg,1
CWK72.jpg,1
CWK73.jpg,1
CWK74.jpg,1
CWK75.jpg,1
CWK76.jpg,1
CWK77.jpg,1
CWK78.jpg,1
CWK79.jpg,1
CWK80.jpg,1
CWK81.jpg,1
CWK82.jpg,1
CWK83.jpg,1
CWK84.jpg,1
CWK85.jpg,1
CWK86.jpg,1
CWK87.jpg,1
CWK88.jpg,1
CWK89.jpg,1
CWK90.jpg,1
CWK91.jpg,1
CWK92.jpg,1
CWK93.jpg,1
CWK94.jpg,1
CWK95.jpg,1
CWK96.jpg,1
CWK97.jpg,1
CWK98.jpg,1
CWK99.jpg,1
CWK100.jpg,1
CWK101.jpg,2
CWK102.jpg,2
CWK103.jpg,2
CWK104.jpg,2
CWK105.jpg,2
CWK106.jpg,2
CWK107.jpg,2
CWK108.jpg,2
CWK109.jpg,2
CWK110.jpg,2
CWK111.jpg,2
CWK112.jpg,2
CWK113.jpg,2
CWK114.jpg,2
CWK115.jpg,2
CWK116.jpg,2
CWK117.jpg,2
CWK118.jpg,2
CWK119.jpg,2
CWK120.jpg,2
CWK121.jpg,2
CWK122.jpg,2
CWK123.jpg,2
CWK124.jpg,2
CWK125.jpg,2
CWK126.jpg,2
CWK127.jpg,2
CWK128.jpg,2
CWK129.jpg,2
CWK130.jpg,2
CWK131.jpg,2
CWK132.jpg,2
CWK133.jpg,2
CWK134.jpg,2
CWK135.jpg,2
CWK136.jpg,2
CWK137.jpg,2
CWK138.jpg,2
CWK139.jpg,2
CWK140.jpg,2
CWK141.jpg,2
CWK142.jpg,2
CWK143.jpg,2
CWK144.jpg,2
CWK145.jpg,2
CWK146.jpg,2
CWK147.jpg,2
CWK148.jpg,2
CWK149.jpg,2
CWK150.jpg,2
CWK151.jpg,3
CWK152.jpg,3
CWK153.jpg,3
CWK154.jpg,3
CWK155.jpg,3
CWK156.jpg,3
CWK157.jpg,3
CWK158.jpg,3
CWK159.jpg,3
CWK160.jpg,3
CWK161.jpg,3
CWK162.jpg,3
CWK163.jpg,3
CWK164.jpg,3
CWK165.jpg,3
CWK166.jpg,3
CWK167.jpg,3
CWK168.jpg,3
CWK169.jpg,3
CWK170.jpg,3
CWK171.jpg,3
CWK172.jpg,3
CWK173.jpg,3
CWK174.jpg,3
CWK175.jpg,3
CWK176.jpg,3
CWK177.jpg,3
CWK178.jpg,3
CWK179.jpg,3
CWK180.jpg,3
CWK181.jpg,3
CWK182.jpg,3
CWK183.jpg,3
CWK184.jpg,3
CWK185.jpg,3
CWK186.jpg,3
CWK187.jpg,3
CWK188.jpg,3
CWK189.jpg,3
CWK190.jpg,3
CWK191.jpg,3
CWK192.jpg,3
CWK193.jpg,3
CWK194.jpg,3
CWK195.jpg,3
CWK196.jpg,3
CWK197.jpg,3
CWK198.jpg,3
CWK199.jpg,3
CWK200.jpg,3
CWK201.jpg,4
CWK202.jpg,4
CWK203.jpg,4
CWK204.jpg,4
CWK205.jpg,4
CWK206.jpg,4
CWK207.jpg,4
CWK208.jpg,4
CWK209.jpg,4
CWK210.jpg,4
CWK211.jpg,4
CWK212.jpg,4
CWK213.jpg,4
CWK214.jpg,4
CWK215.jpg,4
CWK216.jpg,4
CWK217.jpg,4
CWK218.jpg,4
CWK219.jpg,4
CWK220.jpg,4
CWK221.jpg,4
CWK222.jpg,4
CWK223.jpg,4
CWK224.jpg,4
CWK225.jpg,4
CWK226.jpg,4
CWK227.jpg,4
CWK228.jpg,4
CWK229.jpg,4
CWK230.jpg,4
CWK231.jpg,4
CWK232.jpg,4
CWK233.jpg,4
CWK234.jpg,4
CWK235.jpg,4
CWK236.jpg,4
CWK237.jpg,4
CWK238.jpg,4
CWK239.jpg,4
CWK240.jpg,4
CWK241.jpg,4
CWK242.jpg,4
CWK243.jpg,4
CWK244.jpg,4
CWK245.jpg,4
CWK246.jpg,4
CWK247.jpg,4
CWK248.jpg,4
CWK249.jpg,4
CWK250.jpg,4
CWK251.jpg,1
CWK252.jpg,1
CWK253.jpg,1
CWK254.jpg,1
CWK255.jpg,1
CWK256.jpg,1
CWK257.jpg,1
CWK258.jpg,1
CWK259.jpg,1
CWK260.jpg,1
SSB_LEANING_HEADPHONE1.jpg,2
SSB_LEANING_HEADPHONE2.jpg,2
SSB_LEANING_HEADPHONE3.jpg,2
SSB_LEANING_HEADPHONE4.jpg,2
SSB_LEANING_HEADPHONE5.jpg,2
SSB_LEANING_HEADPHONE6.jpg,2
SSB_LEANING_HEADPHONE7.jpg,2
SSB_LEANING_HEADPHONE8.jpg,2
SSB_LEANING_HEADPHONE9.jpg,2
SSB_LEANING_HEADPHONE10.jpg,2
BAS_3_1.jpg,3
BAS_3_2.jpg,3
BAS_3_3.jpg,3
BAS_3_4.jpg,3
BAS_3_5.jpg,3
BAS_3_6.jpg,3
BAS_3_7.jpg,3
BAS_3_8.jpg,3
BAS_3_9.jpg,3
BAS_3_10.jpg,3
BAS_0_3.jpg,0
BAS_0_4.jpg,0
BAS_0_5.jpg,0
BAS_0_6.jpg,0
BAS_0_7.jpg,0
BAS_0_8.jpg,0
BAS_0_9.jpg,0
BAS_0_10.jpg,0
SSB_LEANING_MASK1.jpg,2
SSB_LEANING_MASK2.jpg,2
SSB_LEANING_MASK3.jpg,2
SSB_LEANING_MASK4.jpg,2
SSB_LEANING_MASK5.jpg,2
SSB_LEANING_MASK6.jpg,2
SSB_LEANING_MASK7.jpg,2
SSB_LEANING_MASK8.jpg,2
SSB_LEANING_MASK9.jpg,2
SSB_LEANING_MASK10.jpg,2
SSB_STRAIGHT1.jpg,0
SSB_STRAIGHT2.jpg,0
SSB_STRAIGHT3.jpg,0
SSB_STRAIGHT4.jpg,0
SSB_STRAIGHT5.jpg,0
SSB_STRAIGHT6.jpg,0
SSB_STRAIGHT7.jpg,0
SSB_STRAIGHT8.jpg,0
SSB_STRAIGHT9.jpg,0
SSB_STRAIGHT10.jpg,0
SSB_STRAIGHT11.jpg,0
SSB_STRAIGHT12.jpg,0
SSB_STRAIGHT13.jpg,0
SSB_STRAIGHT14.jpg,0
SSB_STRAIGHT15.jpg,0
SSB_STRAIGHT16.jpg,0
SSB_STRAIGHT17.jpg,0
SSB_STRAIGHT18.jpg,0
SSB_STRAIGHT19.jpg,0
SSB_STRAIGHT20.jpg,0
SSB_STRAIGHT21.jpg,0
SSB_STRAIGHT22.jpg,0
SSB_STRAIGHT23.jpg,0
SSB_STRAIGHT24.jpg,0
SSB_STRAIGHT25.jpg,0
SSB_STRAIGHT26.jpg,0
SSB_STRAIGHT27.jpg,0
SSB_STRAIGHT28.jpg,0
SSB_STRAIGHT29.jpg,0
SSB_STRAIGHT30.jpg,0
BAS_4_1.jpg,4
BAS_4_2.jpg,4
BAS_4_3.jpg,4
BAS_4_4.jpg,4
BAS_4_5.jpg,4
BAS_4_6.jpg,4
BAS_4_7.jpg,4
BAS_4_8.jpg,4
BAS_4_9.jpg,4
BAS_4_10.jpg,4
SSB_CHEEKING_HEAD_PHONE1.jpg,4
SSB_CHEEKING_HEAD_PHONE2.jpg,4
SSB_CHEEKING_HEAD_PHONE3.jpg,4
SSB_CHEEKING_HEAD_PHONE4.jpg,4
SSB_CHEEKING_HEAD_PHONE5.jpg,4
SSB_CHEEKING_HEAD_PHONE6.jpg,4
SSB_CHEEKING_HEAD_PHONE7.jpg,4
SSB_CHEEKING_HEAD_PHONE8.jpg,4
SSB_CHEEKING_HEAD_PHONE9.jpg,4
SSB_CHEEKING_HEAD_PHONE10.jpg,4
BAS_1_1.jpg,1
BAS_1_2.jpg,1
BAS_1_3.jpg,1
BAS_1_4.jpg,1
BAS_1_5.jpg,1
BAS_1_6.jpg,1
BAS_1_7.jpg,1
BAS_1_8.jpg,1
BAS_1_9.jpg,1
BAS_1_10.jpg,1
SSB_LEANING1.jpg,2
SSB_LEANING2.jpg,2
SSB_LEANING3.jpg,2
SSB_LEANING4.jpg,2
SSB_LEANING5.jpg,2
SSB_LEANING6.jpg,2
SSB_LEANING7.jpg,2
SSB_LEANING8.jpg,2
SSB_LEANING9.jpg,2
SSB_LEANING10.jpg,2
SSB_LEANING11.jpg,2
SSB_LEANING12.jpg,2
SSB_LEANING13.jpg,2
SSB_LEANING14.jpg,2
SSB_LEANING15.jpg,2
SSB_LEANING16.jpg,2
SSB_LEANING17.jpg,2
SSB_LEANING18.jpg,2
SSB_LEANING19.jpg,2
SSB_LEANING20.jpg,2
SSB_LEANING21.jpg,2
SSB_LEANING22.jpg,2
SSB_LEANING23.jpg,2
SSB_LEANING24.jpg,2
SSB_LEANING25.jpg,2
SSB_LEANING26.jpg,2
SSB_LEANING27.jpg,2
SSB_LEANING28.jpg,2
SSB_LEANING29.jpg,2
SSB_LEANING30.jpg,2
SSB_CHEEKING_MASK1.jpg,4
SSB_CHEEKING_MASK2.jpg,4
SSB_CHEEKING_MASK3.jpg,4
SSB_CHEEKING_MASK4.jpg,4
SSB_CHEEKING_MASK5.jpg,4
SSB_CHEEKING_MASK6.jpg,4
SSB_CHEEKING_MASK7.jpg,4
SSB_CHEEKING_MASK8.jpg,4
SSB_CHEEKING_MASK9.jpg,4
SSB_CHEEKING_MASK10.jpg,4
SSB_TECH_NECK_CAP1.jpg,1
SSB_TECH_NECK_CAP2.jpg,1
SSB_TECH_NECK_CAP3.jpg,1
SSB_TECH_NECK_CAP4.jpg,1
SSB_TECH_NECK_CAP5.jpg,1
SSB_TECH_NECK_CAP6.jpg,1
SSB_TECH_NECK_CAP7.jpg,1
SSB_TECH_NECK_CAP8.jpg,1
SSB_TECH_NECK_CAP9.jpg,1
SSB_TECH_NECK_CAP10.jpg,1
