,filename,label
0,SSB_SKEEPING1.jpg,3
1,SSB_SKEEPING2.jpg,3
2,SSB_SKEEPING3.jpg,3
3,SSB_SKEEPING4.jpg,3
4,SSB_SKEEPING5.jpg,3
5,SSB_SKEEPING6.jpg,3
6,SSB_SKEEPING7.jpg,3
7,SSB_SKEEPING8.jpg,3
8,SSB_SKEEPING9.jpg,3
9,SSB_SKEEPING10.jpg,3
10,SSB_SKEEPING11.jpg,3
11,SSB_SKEEPING12.jpg,3
12,SSB_SKEEPING13.jpg,3
13,SSB_SKEEPING14.jpg,3
14,SSB_SKEEPING15.jpg,3
15,SSB_SKEEPING16.jpg,3
16,SSB_SKEEPING17.jpg,3
17,SSB_SKEEPING18.jpg,3
18,SSB_SKEEPING19.jpg,3
19,SSB_SKEEPING20.jpg,3
20,SSB_SKEEPING21.jpg,3
21,SSB_SKEEPING22.jpg,3
22,SSB_SKEEPING23.jpg,3
23,SSB_SKEEPING24.jpg,3
24,SSB_SKEEPING25.jpg,3
25,SSB_SKEEPING26.jpg,3
26,SSB_SKEEPING27.jpg,3
27,SSB_SKEEPING28.jpg,3
28,SSB_SKEEPING29.jpg,3
29,SSB_SKEEPING30.jpg,3
